id,title,director,duration_minutes,genres,release_year,synopsis,themes,thumbnail_url,video_url,view_count
4f0540d2-6b9d-4262-b16c-42d8d2cdbcf8,Kallisti,,2,Drama,2026,Elias ne voulait pas sortir ce soir-là.,Drama,,https://www.youtube.com/watch?v=sKtxg6msk6o,21052
ccd22804-28ea-4a50-bbda-936f425ae608,Aquarelle,,2,"Romance, Experimental",2026,Un peintre réalise le portrait de la femme qui a marqué toute son existence.,"Romance, Experimental",,https://www.youtube.com/watch?v=amnyAXCyqmw,8525
fec647be-e3be-4abe-b9e0-67cf72339277,TOUTE (EN) BEAUTÉ - Épisode N°1,,2,"Drama, Comedy",2026,"À 47 ans, Madeleine, infirmière, se fait larguer par Jim, son compagnon depuis dix ans et qui n’a jamais voulu d’enfant.","Drama, Comedy",,https://www.youtube.com/watch?v=xQynrWjUfFw,7314
d2390025-9aac-4b1f-8831-fd70b5cca552,LE BIJOU,,2,Drama,2026,"Autour d’une table, Ary se fait chambrer pour sa nouvelle chevalière, jugée laide et démodée.",Drama,,https://www.youtube.com/watch?v=BcC2gzjtCIQ,7113
d59bbe8a-159b-42b8-935e-39e195632405,UGLY BOBBY,,2,Drama,2026,"Dans les coulisses d’un concours de beauté, Bobby se prépare à briller.",Drama,,https://www.youtube.com/watch?v=tyT0ONF2DgY,7087
131931be-ff7c-4d43-81f0-2e1474e6b4b8,À JAMAIS BELLE,,2,Drama,2026,"Dans un salon de beauté, des femmes seniors se préparent.",Drama,,https://www.youtube.com/watch?v=jMLQQqu7nZo,6274
d5b5854c-816e-47c6-9b4d-05e13d76af0b,La Bibliothèque,,2,Drama,2026,Elise et Charles se disputent pour savoir quand ce dernier lui a dit pour la dernière fois qu'elle était belle.,Drama,,https://www.youtube.com/watch?v=wh7Bfem9BEY,4546
47296bbb-2a1c-46fc-aa53-dcc589140876,Ouistiti,,2,Drama,2025,"On choisit pas ses parents, on choisit pas sa famille et encore moins la tronche de son nouveau-né…",Drama,,https://www.youtube.com/watch?v=OcgMnl0TtLA,4500
987c72ee-3a5b-4314-854c-ab6fe39f9cee,La merveilleuse histoire du faux-cil,,2,"Romance, Experimental",2026,"Au bal des mondanités, tout est saturé d’artifices, chorégraphié, codifié.","Romance, Experimental",,https://www.youtube.com/watch?v=S9DdXrrgusU,4362
ffe9c827-f396-4b85-a1dd-60cbf0d9387e,HAIRITAGE,,2,Drama,2026,"Alors qu’elle se prépare pour son anniversaire, Tayla, une jeune femme noire, tente de se coiffer lorsqu’elle bascule dans une autre dimension.",Drama,,https://www.youtube.com/watch?v=sgwDp1XF4v0,4290
cb90fe42-4069-4b3a-8972-b63295ef8f41,Un si beau geste,,2,Drama,2026,"Tu sais que l'air de rien, nous les éboueurs, on est les premiers sociologues.",Drama,,https://www.youtube.com/watch?v=Qtno_nQ5WY4,4022
b879af3a-49cb-4fa2-be1a-d8e4fdd47ced,La Vie telle qu'elle est,,2,Drama,2026,Gabrielle n'aime pas les photos.,Drama,,https://www.youtube.com/watch?v=hKsDFjviouk,3677
b062b5c3-ec5c-466c-a933-286a1df120e7,TOUTE (EN) BEAUTÉ - Épisode N°2,,2,"Drama, Comedy",2026,"À 47 ans, Madeleine, infirmière, se fait larguer par Jim, son compagnon depuis dix ans et qui n’a jamais voulu d’enfant.","Drama, Comedy",,https://www.youtube.com/watch?v=uOeAPeEJD-0,3501
c011346a-2f9d-477e-b17f-0796fc78a028,Écharpée,,2,Drama,2026,"Une jeune femme aux cheveux roux rêve depuis toujours de devenir ""Reine de beauté"".",Drama,,https://www.youtube.com/watch?v=d_z8SDNbrRc,3464
550193e6-a8e8-451a-83e9-79da4e6c50f0,MOKSHA | Nikon Film Festival [FR/ENG],,2,"Romance, Sci-Fi, Experimental",2024,"🎥 MOKSHA réalisé par Najla Barouni
Sélection officielle Nikon Film Festival 2024

SYNOPSIS
Un couple, une histoire, un drame, tout cela sous un décor d'Inde.","Romance, Sci-Fi, Experimental",,https://www.youtube.com/watch?v=WaXdkc7gYn4,3180
31360806-c42f-44a5-9ebb-527bd5cbdbec,TOUTE (EN) BEAUTÉ - Épisode N°3,,2,"Drama, Comedy",2026,"À 47 ans, Madeleine, infirmière, se fait larguer par Jim, son compagnon depuis dix ans et qui n’a jamais voulu d’enfant.","Drama, Comedy",,https://www.youtube.com/watch?v=L2AGe-YuroE,3135
ee1dcfc8-b6bb-4220-be07-93d7bcf5c128,LE PLUS BEAU DES SOURIRES,,2,"Comedy, Romance, Experimental",2026,"Deux enfants se découvrent sur les bancs de l’école primaire, liés par la musique et les gestes innocents.","Comedy, Romance, Experimental",,https://www.youtube.com/watch?v=CJGHWW6s8PU,2895
16ac853b-2360-49d3-9972-9589bc8a54e9,TOUTE (EN) BEAUTÉ - Épisode N°4,,2,"Drama, Comedy",2026,"À 47 ans, Madeleine, infirmière, se fait larguer par Jim, son compagnon depuis dix ans et qui n’a jamais voulu d’enfant.","Drama, Comedy",,https://www.youtube.com/watch?v=qGkqbfTw1x8,2873
cf108d1e-d208-47c8-b4c3-336853bd89a6,Beauty Attacks,,2,"Sci-Fi, Documentary",2026,Et si des Aliens très laids nous trouvaient très laids ?,"Sci-Fi, Documentary",,https://www.youtube.com/watch?v=E7XVRVjBGsk,2836
5e7b43ee-0e3d-4a2d-98a0-bc57288fb475,TOUTE (EN) BEAUTÉ - Épisode N°6,,2,"Drama, Comedy",2026,"À 47 ans, Madeleine, infirmière, se fait larguer par Jim, son compagnon depuis dix ans et qui n’a jamais voulu d’enfant.","Drama, Comedy",,https://www.youtube.com/watch?v=s8OvrPnnlak,2806
381f6520-c0f8-4e7a-a3e4-25b3c36af27b,TOUTE (EN) BEAUTÉ - Épisode N°5,,2,"Drama, Comedy",2026,"À 47 ans, Madeleine, infirmière, se fait larguer par Jim, son compagnon depuis dix ans et qui n’a jamais voulu d’enfant.","Drama, Comedy",,https://www.youtube.com/watch?v=o8xiOUvdJK0,2770
eb5a1279-7e78-4ae3-9f1d-db276f6ec13b,MIROIR MIROIR,,2,Horror,2026,"Lorsqu’elle se regarde dans le miroir, Olivia y voit un monstre difforme et répugnant.",Horror,,https://www.youtube.com/watch?v=WRNCPddc-HI,2675
2ffd86db-29c1-430a-8093-3a70f3f42594,Tant que le jour se lève,,2,Drama,2026,Monsieur Jean a rendez-vous.,Drama,,https://www.youtube.com/watch?v=4PkCpRBAH-4,2469
39a2484e-9bdc-46a4-85c4-bafb1059a84e,SACREBLEU,,2,"Drama, Horror, Romance",2026,"Maintenant que la mort avait frappé Luce, il fallait qu'Éloi s'attende à recevoir des signes.","Drama, Horror, Romance",,https://www.youtube.com/watch?v=TPjszNR4ZiY,2465
f26f32d9-c89b-4e9b-96c0-331963dfae9c,Ce que la nuit savait déjà,,2,Drama,2026,"Dans un monde où voir est la seule manière de croire, Luc avance sans yeux, guidé par ses autres sens, mais une nuit, un événement vient bouleverser sa vision du monde.",Drama,,https://www.youtube.com/watch?v=5Oodyk5SC0c,2426
52e20889-bf98-441b-8bca-5fb4a7b3486f,MARQUANTE,,2,Drama,2026,"Roxanne est une jeune fille qui veut faire comme tout le monde, recevoir la marque qu’on attend d’elle.",Drama,,https://www.youtube.com/watch?v=BCCaMOKAGb4,2401
7b21715f-e8af-47a3-9a75-55de8be07a4b,TOUSSEZ,,2,Drama,2026,Un cabinet médical devient un zoo.,Drama,,https://www.youtube.com/watch?v=sjQ5YCIbdTE,2242
7ad391a6-cc71-4a9b-a40a-4aab3fb33d78,KING BEN - Épisode N°4,,2,Drama,2025,"Deux amis face à une réflexion philosophique vielle comme le monde : la vérité, mais a quel prix ?",Drama,,https://www.youtube.com/watch?v=EscxiGnnWr8,2238
82b82e12-60f3-4590-b00b-507aa1972eca,SIRÈNE,,2,Drama,2026,"Alors que Léa, employée d’accueil d’un spa, s’apprête à fermer pour rejoindre ses amis, deux clients âgés, Daniel qui pousse sa femme Irène en fauteuil, l’obligent à rester.",Drama,,https://www.youtube.com/watch?v=cu9bWu0R8Z0,2203
c7446fd6-cd76-4a9c-8081-4d11f5837a32,Barber chope,,2,Drama,2026,Luke se prend pour un cow boy.,Drama,,https://www.youtube.com/watch?v=K33_E0FPZSs,2139
f95c3a10-65a6-4353-9967-d795f9ea743e,Les Fleuristes,,2,Sci-Fi,2026,"Dans une boutique de fleurs figée en noir et blanc, trois femmes munies de pinceaux et de couleurs primaires vont transformer un espace monotone en un spectacle visuel éclatant.",Sci-Fi,,https://www.youtube.com/watch?v=nW1ihw2caNw,2061
e6b7d5db-ff8e-4e35-985b-1901952f40b2,Gracile,,2,Drama,2026,"Le jour de ses 18 ans, Élise fête son anniversaire entourée de ses proches.",Drama,,https://www.youtube.com/watch?v=RuRcz7YuXhw,2015
006dcbba-20ef-4059-914b-6a57952a85d6,LECTURE SEULE | Nikon Film Festival [FR],,2,Drama,2025,Anton perçoit les pensées de n’importe qui autour de lui.,Drama,,https://www.youtube.com/watch?v=EjKVvq1h8Mo,1982
82faac71-654e-4da4-a00e-ada2278ced90,LA POUPÉE LARABIE,,2,Drama,2026,"Il était une fois, une poupée de cire à la peau ébène qui n'avait qu'un seul rêve, trouver une famille qui l'aimera telle qu'elle est.",Drama,,https://www.youtube.com/watch?v=owBxmzANMcU,1961
3970da26-ea88-49ce-b60f-8694c624393a,Ce que je garde,,2,"Documentary, Experimental",2026,"La beauté se glisse parfois dans les petits rien : un vêtement, une odeur, un repas.","Documentary, Experimental",,https://www.youtube.com/watch?v=KAw1wwPR-v4,1926
ef6cb9bb-5297-43b4-a458-0639dddda853,Prix de Beauté,,2,"Romance, Drama",2026,"Et si pour une fois, la compétition pour le prix n’était pas entre femmes ?","Romance, Drama",,https://www.youtube.com/watch?v=x0zt7KG0pKU,1915
19880338-6b6f-4aa3-b00c-7e9761cf804f,J'AURAIS VOULU ÊTRE UN ART TRISTE,,2,Experimental,2026,"Un groupe de touriste découvrez une exposition peu commune

A group of tourist discover an exhibition that is one of a kind",Experimental,,https://www.youtube.com/watch?v=TyBiONHzpa0,1909
b9399b8b-7256-4a91-bead-4baed25a732f,KOUN SREI,,2,Drama,2026,Court metrage Nikon Film Festival : KOUN SREI,Drama,,https://www.youtube.com/watch?v=aLbLVd6ZIgA,1816
a3f88faa-2811-4f22-a4ae-8b7acad56465,SYNESTHESIE,,2,Experimental,2026,"Dans un monde où nos quotidiens s’accrochent aux apparences, nous nous sommes mis dans la peau d’une malvoyante pour qui la beauté ne peut être superficielle.",Experimental,,https://www.youtube.com/watch?v=KCNfzXKMmX8,1798
21e8c6c2-2727-45d5-84bf-665d7c9516ea,Et si c'était ça?,,2,"Romance, Experimental, Drama",2026,Le thème de la beauté m'a donné envie de parler de celle du temps qui passe et de ceux qui se connaissent par coeur.,"Romance, Experimental, Drama",,https://www.youtube.com/watch?v=QvFLCcFd2TY,1690
44ff9b1f-9e64-4c1e-9173-7bedea60c0dd,Moonboy,,2,Drama,2026,"Moonboy c'est l'histoire d'Eden, un garçon avec la condition des enfants de la Lune, une maladie qui les empêche de montrer leur peau au Soleil.",Drama,,https://www.youtube.com/watch?v=9ldI21Hx_6s,1686
7d5121d8-891b-492c-8270-9e24068329a2,PARFAITE,,2,Experimental,2026,"Aujourd'hui, Ella participe à son premier concours de beauté...",Experimental,,https://www.youtube.com/watch?v=tOtQsgEoqrI,1662
7cd6562c-c4b7-44c8-9137-ad23a101c758,Perfect 2.0,,2,"Horror, Thriller, Drama",2026,"Anna, 18 ans, accepte de transformer son corps par chirurgie esthétique en direct à la télévision, dans l’espoir de plaire à sa mère et de ressembler à une influenceuse idolâtrée.","Horror, Thriller, Drama",,https://www.youtube.com/watch?v=Ub57FpqOkOY,1655
f7d6759e-434c-4ec4-a87d-d79274c4f967,THÉORÈME DE,,2,Drama,2026,"Dans une grande université parisienne, Maryam, une étudiante brillante découvre un théorème.",Drama,,https://www.youtube.com/watch?v=AdrP7xD69JQ,1633
56b6b36b-b48f-4948-b60b-d24a0b4375b5,Prunelle - Épisode N°1,,2,Romance,2026,"C’est l’histoire d’une rencontre entre deux êtres singuliers, qui contre toute attente, ont beaucoup à s’apporter.",Romance,,https://www.youtube.com/watch?v=gf5p62yChQc,1626
06edf39d-4a09-422d-a46a-3e0b1169a7dd,Alaska Mike,,2,"Horror, Drama",2026,"Thanatopracteur réservée, Maud s'ouvre moins facilement aux vivants qu'aux morts qu'elle apprête.","Horror, Drama",,https://www.youtube.com/watch?v=BT46vtCxnSA,1594
4edfaed3-7b39-49a5-9506-48f41a03a763,État des lieux,,2,Comedy,2026,"Dans cette visite métaphorique, chaque détail est scruté, noté, jugé.",Comedy,,https://www.youtube.com/watch?v=KK3rWdNeIx4,1592
24f4997f-27d7-4728-b2d3-1800856d8a4d,TRACES,,2,"Romance, Drama",2026,"Une femme déteste ses grains de beauté, sans savoir qu’ils sont les traces laissées par son âme sœur à travers leurs vies passées.","Romance, Drama",,https://www.youtube.com/watch?v=KmDGDLXamUg,1570
433be971-a078-4504-bd88-adbe0d86cada,APNÉE,,2,Drama,2026,"Mathilde se sent immense, ailes déployées, mais cette perception de grandeur est peu à peu réduite, à coup de peigne, par des normes esthétiques et des gestes hérités de génération en génération.",Drama,,https://www.youtube.com/watch?v=OUYPfmI9Sdk,1524
57c68131-8f9c-419b-933d-ab3d73efc1a2,Face Card,,2,Drama,2026,Noël à la caisse du Giga Fête.,Drama,,https://www.youtube.com/watch?v=TMr2_nu_OYo,1444
d1255500-21b1-4c69-bf26-09192058f3d6,BEAUTY CONTROL,,2,Thriller,2026,"In a society obsessed with physical perfection, Kevin enters Beauty City, a transit zone where appearance is strictly controlled.",Thriller,,https://www.youtube.com/watch?v=UfCOZkWU_KM,1383
0ba200bb-48e4-4fb9-9b35-09103e86e510,GRANN,,2,Experimental,2026,"Après le décès de sa grand-mère, un jeune photographe trouve refuge dans une lettre qu’elle lui a laissée.",Experimental,,https://www.youtube.com/watch?v=FOzbNmNB3cg,1363
b42d7a4d-f519-4a52-a0f3-f1015b5df8a4,SEULE,,2,Drama,2026,"Ici, la liberté se conserve dans un endroit sec, à l'abri de la chaleur et de la lumière.",Drama,,https://www.youtube.com/watch?v=8je6hbfLNkY,1348
d18438d7-3a5a-42ac-9c69-cfd939f7d24d,Mon arbre,,2,Drama,2026,"Au pied d'un arbre, une jeune femme réapprend à regarder le monde.",Drama,,https://www.youtube.com/watch?v=SsRolYljEuY,1302
6668ec9b-badb-400e-963e-9b58fd3148cf,Comment c'est trop moche,,2,Drama,2026,Court metrage Nikon Film Festival : Comment c'est trop moche,Drama,,https://www.youtube.com/watch?v=dE5A-smwYXg,1279
0b84889b-b2cc-437f-b6ed-312664af9b07,La Pelle et la Bête,,2,Experimental,2026,"Un ouvrier de chantier fait une troublante découverte, visqueuse et sublime, capable de bouleverser les rapports de forces entre la terre et le fer.",Experimental,,https://www.youtube.com/watch?v=P-M4n5MpT60,1247
ffa0a93d-43b1-4830-b61b-5ecaa7bc526b,Le casier,,2,Drama,2026,Jean est dans les vestiaires de la piscine avec son club.,Drama,,https://www.youtube.com/watch?v=JmLH7IMzT1w,1236
a223ad4e-22c1-4fdc-bace-2084188d27dc,Blush & Crush,,2,Drama,2026,Hello mes croquettes !,Drama,,https://www.youtube.com/watch?v=Yl0ZnOKz39Y,1220
8ebea758-25a5-4b49-88c9-f2b88e0d1b35,La vie est belle,,2,Drama,2026,Suzanne s'inquiète pour sa fille qui grandit.,Drama,,https://www.youtube.com/watch?v=t8p2ZaLt2kE,1184
78827121-393f-4410-921d-78cbf98eef35,Relou'Kings,,2,Drama,2026,Vous n'avez pas de style ?,Drama,,https://www.youtube.com/watch?v=IorxMKteq14,1170
12827ab0-61e1-4619-a45e-96396db263eb,AVEC TOI,,2,Drama,2026,"Un frère et une sœur, dans une salle d'attente, essaient de préserver un peu de beauté avant de se confronter à leur passé.",Drama,,https://www.youtube.com/watch?v=UwiSYTUhHbI,1163
0fd5ff74-ff3d-4f37-97f8-eaa241d31c11,FASHION STANDARD - Épisode N°1,,2,"Animation, Sci-Fi, Experimental",2026,"Stéphanie Carell, créatrice et animatrice d’une émission de relooking, poursuit un objectif clair : imposer la vision de la beauté comme modèle absolu de vie.","Animation, Sci-Fi, Experimental",,https://www.youtube.com/watch?v=ppJB3fwzhlM,1150
2ae9c3f0-994d-444b-a642-66037f802b84,CHAIR,,2,Drama,2026,"Fascinée par la beauté de sa colocataire, une jeune femme nourrit une admiration silencieuse et dévorante.",Drama,,https://www.youtube.com/watch?v=HsYsY5e0V0k,1146
981cb293-0d67-423a-a354-9e9852c16e5c,A L'ABRI DES REGARDS ( Agathe ),,2,"Documentary, Fantasy, Drama",2026,"Ce documentaire dresse le portrait d'Agathe, ( ma voisine ) une jeune fille qui nous raconte son parcours marqué par la maladie.","Documentary, Fantasy, Drama",,https://www.youtube.com/watch?v=cqwsOOygKXI,1141
c29b3f3a-0377-4fa7-9b0f-65122c9dcba1,Souriez !,,2,Drama,2026,"En 1986, Charlie remarque une publicité normale dans un abribus tout à fait normal.",Drama,,https://www.youtube.com/watch?v=eh3YA1Z8W3M,1128
cb375000-234b-45f8-a303-d886a413f395,À TON GOÛT,,2,Documentary,2026,"Viktor, jeune et séduisant vampire de 439 ans a un date avec Suzanne.",Documentary,,https://www.youtube.com/watch?v=0QiGKmFEFoM,1117
32142924-0158-4733-ad68-0f131d4de32f,Désaccordés,,2,Drama,2026,"Caroline se prépare pour le bal de fin d’année, mais ce soir-là, elle décide que ce ne sera pas aux autres de choisir qui elle doit être.",Drama,,https://www.youtube.com/watch?v=gENq6UYL7qU,1113
4150bd2d-9c7e-4705-b2ba-634d1ab49be7,"Bleuets, Pâquerettes et Coquelicots",,2,"Drama, Documentary",2026,"À la fin de la Première Guerre mondiale, des hommes reviennent.","Drama, Documentary",,https://www.youtube.com/watch?v=reCfXskVvT0,1021
d25bb948-d964-4651-9def-8f7bdeb96d5e,50 STEPS OF BEAUTY,,2,Drama,2026,Quand la beauté devient torture.,Drama,,https://www.youtube.com/watch?v=1ystiiwGroc,1018
606d122c-c612-4031-adbf-68af375e04eb,Pour elle,,2,Romance,2026,"At sunset in a quiet pasture, a simple, casual question sends Paul spiraling into a torrent of thoughts about his relationship.",Romance,,https://www.youtube.com/watch?v=lzPQUC5nwtY,958
c23d5b4d-fe4b-47a6-94e5-80a6f8f6563c,Prunelle - Épisode N°2,,2,Romance,2026,"C’est l’histoire d’une rencontre entre deux êtres singuliers, qui contre toute attente, ont beaucoup à s’apporter.",Romance,,https://www.youtube.com/watch?v=ZcW8GGbrqpo,958
f25269c5-250b-4f39-8e46-9ee585b85fd8,Jusqu'au beau de la nuit,,2,Romance,2026,"Dans le silence et la solitude de son insomnie, une maman soupire, hurle, bouillonne, marmonne, s'en veut de ne pas dormir, alors que bon, tout va bien… pour une fois que tout le monde dort !",Romance,,https://www.youtube.com/watch?v=DtQRzTROixw,957
2e76592d-76ca-45e8-a4de-242883ee0107,BEAUTY QUEEN,,2,Drama,2026,Trois jolies pestes harcèlent une certaine Peggy par d’incessants textos.,Drama,,https://www.youtube.com/watch?v=x6kEC919fYY,931
5dacb39f-78d7-4b0c-8616-53c69fe7abdb,Coup d'un soir,,2,Drama,2026,"David Ferrat, le célèbre mannequin, se rend à un date.",Drama,,https://www.youtube.com/watch?v=KX3WCdRzzWw,905
76bce94a-67d5-4e86-8ff2-0c8e660613a1,Baraka,,2,Drama,2026,"Dans l'étendue silencieuse du désert marocain, un homme croise une présence inattendue sur sa route qui semble cacher une vérité plus profonde.",Drama,,https://www.youtube.com/watch?v=rPvRTTdXmng,880
f4a6bd1c-9db4-4774-9fce-0e5b1f55946a,EXOTIQUE,,2,Experimental,2026,Ce film est une compilation de plusieurs castings que j'ai passés en tant qu'actrice.,Experimental,,https://www.youtube.com/watch?v=8D15tQQTJKM,859
c72b668e-f0c8-40a3-a15b-c1cbea41fdad,WOMEN CONVERSATIONS,,2,"Sci-Fi, Romance",2026,"Women Conversations explore la rencontre entre deux générations de femmes, confrontées au poids du regard.","Sci-Fi, Romance",,https://www.youtube.com/watch?v=NnkZIqOvrWM,841
821c2a87-7c05-4954-b8d6-eed5ae4d213a,Prunelle - Épisode N°3,,2,Romance,2026,"C’est l’histoire d’une rencontre entre deux êtres singuliers, qui contre toute attente, ont beaucoup à s’apporter.",Romance,,https://www.youtube.com/watch?v=-ZTHmltKhLs,818
906033c3-2dec-463d-965c-f8803e441262,Le freak c'est chic,,2,Drama,2026,"Alors qu'elle se prépare pour un rendez-vous galant, une femme se fait harceler par son propre reflet..",Drama,,https://www.youtube.com/watch?v=FOI1d11IGtA,793
1d9e68a5-28e4-4b6d-ad10-158a9860bf25,Jolie Monstre,,2,"Horror, Romance, Drama",2026,"Un jeune couple, la fantaisie du quotidien, un vieux téléphone à touches qui n'est pas branché.","Horror, Romance, Drama",,https://www.youtube.com/watch?v=tRe73xdOckk,779
a85e8064-4103-43a5-b213-92cb312fe12c,Ici ça plante,,2,"Drama, Horror, Experimental",2025,"Dans un monde ravagé où plus rien ne pousse, un jeune paysagiste tente de redonner vie à la terre en créant une plante nouvelle, née de la foudre et de son espoir.","Drama, Horror, Experimental",,https://www.youtube.com/watch?v=vBZNgoS5FGQ,775
1b6df241-8539-46d9-9625-7e8f2f703987,Pot de chagrin,,2,Romance,2025,"Thévy, une adolescente d'origine cambodgienne utilise compulsivement de la crème blanchissante pour devenir ""plus jolie"", sans savoir que ça détruit sa peau, sa santé et son amour propre.",Romance,,https://www.youtube.com/watch?v=1025jXQtOEw,748
af5cab96-1d22-49fe-8b0c-5eaadedb7ee9,FAIS TOI BELLE,,2,Romance,2026,"Dimanche matin, Cléo traîne avec ses amies lorsqu'elle reçoit le message d'une personne avec qui elle relationne depuis peu.",Romance,,https://www.youtube.com/watch?v=jg_oNsYOE7c,718
dd4f8d2a-cf9a-4cfb-9e21-2e57c9d2c892,Déverrouiller,,2,Drama,2026,"Le temps d’un week-end un jeune homme retrouve sa chambre d’adolescent, parsemée de souvenirs silencieux.",Drama,,https://www.youtube.com/watch?v=6kAMCRWqWfI,685
ed6f443a-39f8-4d3e-8f8d-030c220b8094,Trace,,2,Romance,2026,"Dans une chambre vide, Théo et Axel se retrouvent après avoir fait l’amour, suspendus dans un instant de calme absolu.",Romance,,https://www.youtube.com/watch?v=mklkPy_yMdI,668
3f534f49-b04c-4609-a73f-ebfd58f435fd,les vagues sans sel.,,2,Drama,2026,"Marcel, octogénaire en marge, vit seul dans sa maison.",Drama,,https://www.youtube.com/watch?v=Kj8XqWJoTgw,635
347677d7-dbb0-4199-b347-2f3fdc7231e6,L,,2,Comedy,2026,"Un soir, entre potes, une question lancée presque pour rire fait dérailler la conversation.",Comedy,,https://www.youtube.com/watch?v=ZCH1NBQTmTg,629
d9d938f3-29db-4052-a4a2-af6c0934ee3d,The Estheticist,,2,Horror,2026,Une mère s'inquiète d'entendre des bruits bizarres dans la chambre de sa fillette.,Horror,,https://www.youtube.com/watch?v=KULbUh-eCfg,599
57714092-7cd1-4641-879b-b83efe97930c,FASHION STANDARD - Épisode N°2,,2,"Animation, Sci-Fi, Experimental",2026,"Stéphanie Carell, créatrice et animatrice d’une émission de relooking, poursuit un objectif clair : imposer la vision de la beauté comme modèle absolu de vie.","Animation, Sci-Fi, Experimental",,https://www.youtube.com/watch?v=fF_VWZfHsgk,577
773b188a-fb80-48de-a6cc-496a27e834e8,Une belle vue,,2,Drama,2026,Trois sœurs se retrouvent pour une occasion spéciale au Rocher du Goëland mais la vue n’est pas ce qu’elles espéraient.,Drama,,https://www.youtube.com/watch?v=1jxqETOE5ic,542
017e6a45-d2a9-40f8-9193-d2336d3296a4,Un voeu,,2,Drama,2026,"Pour arracher sa sœur à un quotidien étouffant, Oscar l'entraîne dans une escapade aux limites de leur monde bétonné.",Drama,,https://www.youtube.com/watch?v=3kNlUo0YdXk,539
a705580f-1574-43ae-a54b-8d2a85e5024f,FASHION STANDARD - Épisode N°3,,2,"Animation, Sci-Fi, Experimental",2026,"Stéphanie Carell, créatrice et animatrice d’une émission de relooking, poursuit un objectif clair : imposer la vision de la beauté comme modèle absolu de vie.","Animation, Sci-Fi, Experimental",,https://www.youtube.com/watch?v=xH-L2zk-J6g,509
ba9cd17e-6cb1-4b39-9cdc-4774db67bb6d,L'ENFER C'EST LES POSTS,,2,Drama,2026,Court metrage Nikon Film Festival : L'ENFER C'EST LES POSTS,Drama,,https://www.youtube.com/watch?v=KmYCzpk-afg,495
2cd97ef5-63b5-4a48-b59d-bf99172457ac,FASHION STANDARD - Épisode N°6,,2,"Animation, Sci-Fi, Experimental",2026,"Stéphanie Carell, créatrice et animatrice d’une émission de relooking, poursuit un objectif clair : imposer la vision de la beauté comme modèle absolu de vie.","Animation, Sci-Fi, Experimental",,https://www.youtube.com/watch?v=Vluzh6P29LU,469
f29efdfc-4932-4159-92ee-dd57b8a9b3e4,URGENCE RECONNEXION BEAUTÉ,,2,Drama,2026,"Avant, on perdait son temps.Aujourd’hui, on se perd soi-même.",Drama,,https://www.youtube.com/watch?v=fylntmF4zyw,463
352a2c6f-9a34-4b31-9458-e9a98ac7b9a0,FASHION STANDARD - Épisode N°4,,2,"Animation, Sci-Fi, Experimental",2026,"Stéphanie Carell, créatrice et animatrice d’une émission de relooking, poursuit un objectif clair : imposer la vision de la beauté comme modèle absolu de vie.","Animation, Sci-Fi, Experimental",,https://www.youtube.com/watch?v=F4aS6PAzYRw,458
a615d980-2888-4e81-b239-786bf8a6ea20,FASHION STANDARD - Épisode N°5,,2,"Animation, Sci-Fi, Experimental",2026,"Stéphanie Carell, créatrice et animatrice d’une émission de relooking, poursuit un objectif clair : imposer la vision de la beauté comme modèle absolu de vie.","Animation, Sci-Fi, Experimental",,https://www.youtube.com/watch?v=l9pr2Uq6rjQ,447
4771798d-faf5-4562-8e45-b80fa082f6e8,Antipodes,,2,Drama,2026,"Face au vent et à la mer, une femme vient trouver un point de contact entre ce qui a disparu et ce qui perdure.",Drama,,https://www.youtube.com/watch?v=XDIXAkMvPrA,427
5cb9e37e-453a-4102-a33a-300453f362ca,Beautiful life,,2,Drama,2026,"Alya et Mara, deux jeunes femmes iraniennes, traversent la frontière pour rejoindre l’Europe et rêvent d’une « beautiful life ».",Drama,,https://www.youtube.com/watch?v=EjgFBhuQ7NU,417
8fa6e122-80a6-4ff8-845e-92ab7b120d42,POMMETTES,,2,Fantasy,2026,M.,Fantasy,,https://www.youtube.com/watch?v=rfwKhkHfHJ4,408
